time_s,height_cm,setpoint_cm,duty,error_cm
0.005618572235107422,48.22014570236206,20.0,0,-28.22014570236206
0.06138896942138672,46.83401584625244,20.0,255,-26.83401584625244
0.11704635620117188,46.87081575393677,20.0,255,-26.870815753936768
0.17290115356445312,49.83116388320923,20.0,255,-29.83116388320923
0.22857046127319336,47.43916988372803,20.0,255,-27.439169883728027
0.28433847427368164,47.794902324676514,20.0,255,-27.794902324676514
0.34008216857910156,48.24059009552002,20.0,255,-28.24059009552002
0.39577412605285645,47.46370315551758,20.0,255,-27.463703155517578
0.4515078067779541,48.477745056152344,20.0,255,-28.477745056152344
0.5072062015533447,46.85037136077881,20.0,255,-26.85037136077881
0.5629973411560059,47.47596979141235,20.0,255,-27.475969791412354
0.6187994480133057,47.823524475097656,20.0,255,-27.823524475097656
0.6744260787963867,46.23703956604004,20.0,255,-26.23703956604004
0.7300868034362793,47.42690324783325,20.0,255,-27.426903247833252
0.7858984470367432,48.228323459625244,20.0,255,-28.228323459625244
0.8416950702667236,48.023879528045654,20.0,255,-28.023879528045654
0.8974666595458984,48.4491229057312,20.0,255,-28.4491229057312
0.9532692432403564,49.22600984573364,20.0,255,-29.226009845733643
1.0090405941009521,47.86032438278198,20.0,255,-27.860324382781982
1.0647978782653809,47.66814708709717,20.0,255,-27.668147087097168
1.120422601699829,46.62957191467285,20.0,255,-26.62957191467285
1.1760971546173096,46.83401584625244,20.0,255,-26.83401584625244
1.2318525314331055,47.8521466255188,20.0,255,-27.8521466255188
1.2876055240631104,46.866726875305176,20.0,255,-26.866726875305176
1.3433451652526855,48.05659055709839,20.0,255,-28.05659055709839
1.3991265296936035,49.070632457733154,20.0,255,-29.070632457733154
1.4547805786132812,47.46779203414917,20.0,255,-27.46779203414917
1.5106217861175537,48.841655254364014,20.0,255,-28.841655254364014
1.5666158199310303,49.66760873794556,20.0,255,-29.667608737945557
1.6223771572113037,46.85037136077881,20.0,255,-26.85037136077881
1.6780290603637695,46.23703956604004,20.0,255,-26.23703956604004
1.733837604522705,48.87436628341675,20.0,255,-28.874366283416748
1.7895700931549072,47.85623550415039,20.0,255,-27.85623550415039
1.845350742340088,48.24059009552002,20.0,255,-28.24059009552002
1.901017189025879,46.84628248214722,20.0,255,-26.846282482147217
1.956632375717163,46.24521732330322,20.0,255,-26.245217323303223
2.0124919414520264,48.45321178436279,20.0,255,-28.453211784362793
2.068309783935547,47.81534671783447,20.0,255,-27.815346717834473
2.1240389347076416,47.230637073516846,20.0,255,-27.230637073516846
2.179750442504883,47.24290370941162,20.0,255,-27.24290370941162
2.235461711883545,47.26743698120117,20.0,255,-27.267436981201172
2.2911581993103027,46.82992696762085,20.0,255,-26.82992696762085
2.3469529151916504,49.05836582183838,20.0,255,-29.05836582183838
2.4026222229003906,47.2551703453064,20.0,255,-27.255170345306396
2.4582982063293457,47.47188091278076,20.0,255,-27.47188091278076
2.514087677001953,47.868502140045166,20.0,255,-27.868502140045166
2.569859743118286,47.64770269393921,20.0,255,-27.64770269393921
2.625519037246704,46.63366079330444,20.0,255,-26.633660793304443
2.6811909675598145,47.251081466674805,20.0,255,-27.251081466674805
2.736891984939575,47.659969329833984,20.0,255,-27.659969329833984
2.79258394241333,48.06067943572998,20.0,255,-28.06067943572998
2.8481602668762207,44.25393342971802,20.0,255,-24.253933429718018
2.9038374423980713,47.24290370941162,20.0,255,-27.24290370941162
2.959491729736328,46.44148349761963,20.0,255,-26.44148349761963
3.015261173248291,46.613216400146484,20.0,255,-26.613216400146484
3.070988655090332,45.043087005615234,20.0,255,-25.043087005615234
3.1268723011016846,47.67632484436035,20.0,255,-27.67632484436035
3.1826438903808594,46.866726875305176,20.0,255,-26.866726875305176
3.23844575881958,47.614991664886475,20.0,255,-27.614991664886475
3.2941322326660156,46.62548303604126,20.0,255,-26.62548303604126
3.3498079776763916,46.6541051864624,20.0,255,-26.654105186462402
3.405419111251831,45.2107310295105,20.0,255,-25.210731029510498
3.461118221282959,47.23881483078003,20.0,255,-27.23881483078003
3.5168869495391846,47.23881483078003,20.0,255,-27.23881483078003
3.572507858276367,45.03082036972046,20.0,255,-25.03082036972046
3.628253936767578,48.03614616394043,20.0,255,-28.03614616394043
3.6838483810424805,45.615530014038086,20.0,255,-25.615530014038086
3.739386558532715,44.83455419540405,20.0,255,-24.834554195404053
3.7949841022491455,45.43970823287964,20.0,255,-25.43970823287964
3.8506078720092773,45.03899812698364,20.0,255,-25.038998126983643
3.906097412109375,44.000422954559326,20.0,255,-24.000422954559326
3.961621046066284,44.98993158340454,20.0,255,-24.98993158340454
4.017381906509399,46.84628248214722,20.0,255,-26.846282482147217
4.072951078414917,44.2130446434021,20.0,255,-24.2130446434021
4.128427505493164,43.82460117340088,20.0,255,-23.82460117340088
4.183852195739746,43.20718050003052,20.0,255,-23.207180500030518
4.239348411560059,44.00451183319092,20.0,255,-24.004511833190918
4.294835805892944,43.791890144348145,20.0,255,-23.791890144348145
4.350343227386475,44.200778007507324,20.0,255,-24.200778007507324
4.405784845352173,43.2153582572937,20.0,255,-23.2153582572937
4.461243391036987,43.223536014556885,20.0,255,-23.223536014556885
4.516797780990601,43.432068824768066,20.0,255,-23.432068824768066
4.572297811508179,43.20718050003052,20.0,255,-23.207180500030518
4.6278393268585205,44.63828802108765,20.0,255,-24.638288021087646
4.683311462402344,43.59562397003174,20.0,255,-23.59562397003174
4.738731622695923,43.02318096160889,20.0,255,-23.023180961608887
4.794140338897705,42.57340431213379,20.0,255,-22.57340431213379
4.849620342254639,43.840956687927246,20.0,255,-23.840956687927246
4.905054092407227,43.2153582572937,20.0,255,-23.2153582572937
4.960475921630859,42.98229217529297,20.0,255,-22.98229217529297
5.015987396240234,42.38940477371216,20.0,255,-22.389404773712158
5.07142972946167,43.01091432571411,20.0,255,-23.01091432571411
5.126813650131226,42.05002784729004,20.0,255,-22.05002784729004
5.1821863651275635,41.60025119781494,20.0,255,-21.60025119781494
5.237626791000366,42.78602600097656,20.0,255,-22.786026000976562
5.293015241622925,41.857850551605225,20.0,255,-21.857850551605225
5.348350763320923,41.37536287307739,20.0,255,-21.375362873077393
5.403660774230957,41.64522886276245,20.0,255,-21.64522886276245
5.459068059921265,42.745137214660645,20.0,255,-22.745137214660645
5.514552116394043,41.85376167297363,20.0,255,-21.853761672973633
5.570003986358643,42.086827754974365,20.0,255,-22.086827754974365
5.6253602504730225,41.154563426971436,20.0,255,-21.154563426971436
5.680686950683594,41.38762950897217,20.0,255,-21.387629508972168
5.736032247543335,41.359007358551025,20.0,255,-21.359007358551025
5.79146409034729,42.540693283081055,20.0,255,-22.540693283081055
5.846805810928345,41.179096698760986,20.0,255,-21.179096698760986
5.902156591415405,41.812872886657715,20.0,255,-21.812872886657715
5.957462549209595,40.901052951812744,20.0,255,-20.901052951812744
6.012832880020142,40.93376398086548,20.0,255,-20.93376398086548
6.06817889213562,41.13820791244507,20.0,255,-21.13820791244507
6.123430490493774,39.74798917770386,20.0,255,-19.747989177703857
6.1787049770355225,39.98514413833618,20.0,255,-19.98514413833618
6.233996629714966,40.23047685623169,20.0,255,-20.23047685623169
6.289296388626099,40.471720695495605,20.0,255,-20.471720695495605
6.344595670700073,40.447187423706055,20.0,255,-20.447187423706055
6.399810314178467,39.54354524612427,20.0,255,-19.543545246124268
6.454979181289673,39.29412364959717,20.0,255,-19.294123649597168
6.5102150440216064,39.0774130821228,20.0,255,-19.077413082122803
6.56556510925293,40.69252014160156,20.0,255,-20.692520141601562
6.62075662612915,38.83616924285889,20.0,255,-18.836169242858887
6.675950527191162,39.56807851791382,20.0,255,-19.56807851791382
6.731207609176636,39.30639028549194,20.0,255,-19.306390285491943
6.786523342132568,39.290034770965576,20.0,255,-19.290034770965576
6.841708660125732,37.883460521698,20.0,255,-17.883460521697998
6.8972461223602295,38.1328821182251,20.0,255,-18.132882118225098
6.95263671875,41.632962226867676,20.0,255,-21.632962226867676
7.007771730422974,38.36594820022583,20.0,255,-18.36594820022583
7.06291389465332,37.88754940032959,20.0,255,-17.88754940032959
7.118098974227905,38.128793239593506,20.0,255,-18.128793239593506
7.173341274261475,39.29412364959717,20.0,255,-19.294123649597168
7.228578329086304,38.34959268569946,20.0,255,-18.349592685699463
7.2837419509887695,37.196528911590576,20.0,255,-17.196528911590576
7.338963985443115,38.82390260696411,20.0,255,-18.82390260696411
7.394084692001343,37.68719434738159,20.0,255,-17.687194347381592
7.449238300323486,38.40683698654175,20.0,255,-18.406836986541748
7.504411935806274,37.4336838722229,20.0,255,-17.4336838722229
7.559732437133789,39.54354524612427,20.0,255,-19.543545246124268
7.614911317825317,37.91617155075073,20.0,255,-17.916171550750732
7.670104503631592,38.39457035064697,20.0,255,-18.394570350646973
7.725208520889282,37.18017339706421,20.0,255,-17.18017339706421
7.780472040176392,38.149237632751465,20.0,255,-18.149237632751465
7.8355937004089355,37.40506172180176,20.0,255,-17.405061721801758
7.890743017196655,37.90799379348755,20.0,255,-17.90799379348755
7.945792198181152,36.02302074432373,20.0,255,-16.02302074432373
8.000896453857422,37.68310546875,20.0,255,-17.68310546875
8.056070566177368,38.5785698890686,20.0,255,-18.578569889068604
8.111088752746582,36.06390953063965,20.0,255,-16.06390953063965
8.16619348526001,37.20470666885376,20.0,255,-17.20470666885376
8.221301078796387,36.26835346221924,20.0,255,-16.26835346221924
8.276414155960083,35.80222129821777,20.0,255,-15.802221298217773
8.331480979919434,36.05982065200806,20.0,255,-16.059820652008057
8.386485815048218,35.532355308532715,20.0,255,-15.532355308532715
8.441522598266602,36.27244234085083,20.0,255,-16.27244234085083
8.49667763710022,36.489152908325195,20.0,255,-16.489152908325195
8.55181884765625,36.06390953063965,20.0,255,-16.06390953063965
8.606860399246216,35.54462194442749,20.0,255,-15.54462194442749
8.661964416503906,36.53004169464111,20.0,255,-16.530041694641113
8.717084646224976,37.68310546875,20.0,255,-17.68310546875
8.77214503288269,36.09662055969238,20.0,255,-16.096620559692383
8.827210664749146,36.284708976745605,20.0,255,-16.284708976745605
8.882189273834229,35.80222129821777,20.0,255,-15.802221298217773
8.937220811843872,36.75084114074707,20.0,255,-16.75084114074707
8.992398977279663,36.27244234085083,20.0,255,-16.27244234085083
9.047383069992065,34.988534450531006,20.0,255,-14.988534450531006
9.102315664291382,34.4937801361084,20.0,255,-14.493780136108398
9.157235383987427,33.95404815673828,20.0,255,-13.954048156738281
9.212128639221191,33.96631479263306,20.0,255,-13.966314792633057
9.267088174819946,34.2443585395813,20.0,255,-14.244358539581299
9.322007894515991,34.236180782318115,20.0,255,-14.236180782318115
9.376911640167236,34.47742462158203,20.0,255,-14.477424621582031
9.431861400604248,34.73093509674072,20.0,255,-14.730935096740723
9.48674988746643,33.68418216705322,20.0,255,-13.684182167053223
9.541605472564697,34.48969125747681,20.0,255,-14.489691257476807
9.596589803695679,35.28702259063721,20.0,255,-15.287022590637207
9.651590585708618,36.02302074432373,20.0,255,-16.02302074432373
9.706450700759888,33.21805000305176,20.0,255,-13.218050003051758
9.761425971984863,33.45520496368408,20.0,255,-13.455204963684082
9.816314458847046,32.90729522705078,20.0,255,-12.907295227050781
9.871217489242554,33.68418216705322,20.0,255,-13.684182167053223
9.926109552383423,33.962225914001465,20.0,255,-13.962225914001465
9.981012105941772,33.97040367126465,20.0,255,-13.970403671264648
10.035965204238892,33.982670307159424,20.0,255,-13.982670307159424
10.090757608413696,32.13040828704834,20.0,255,-12.13040828704834
10.145615577697754,32.4002742767334,20.0,255,-12.400274276733398
10.20047378540039,33.15671682357788,20.0,255,-13.15671682357788
10.2553870677948,33.4470272064209,20.0,255,-13.447027206420898
10.31035566329956,34.24844741821289,20.0,255,-14.24844741821289
10.365257978439331,33.95813703536987,20.0,255,-13.958137035369873
10.420055389404297,31.58658742904663,20.0,255,-11.58658742904663
10.474849224090576,31.86054229736328,20.0,255,-11.860542297363281
10.529736280441284,32.12631940841675,20.0,255,-12.126319408416748
10.584548711776733,32.36347436904907,20.0,255,-12.363474369049072
10.639420986175537,33.20169448852539,20.0,255,-13.20169448852539
10.694204807281494,31.85645341873169,20.0,255,-11.85645341873169
10.748976945877075,31.345343589782715,20.0,255,-11.345343589782715
10.803772687911987,31.602942943572998,20.0,255,-11.602942943572998
10.85854697227478,31.864631175994873,20.0,255,-11.864631175994873
10.913384199142456,32.666051387786865,20.0,255,-12.666051387786865
10.968154191970825,32.40845203399658,20.0,255,-12.408452033996582
11.022955894470215,31.365787982940674,20.0,255,-11.365787982940674
11.077696084976196,30.826056003570557,20.0,255,-10.826056003570557
11.132390260696411,31.120455265045166,20.0,255,-11.120455265045166
11.187211751937866,31.86054229736328,20.0,255,-11.860542297363281
11.242032289505005,31.33716583251953,20.0,255,-11.337165832519531
11.296769142150879,31.35761022567749,20.0,255,-11.35761022567749
11.351553916931152,31.85645341873169,20.0,255,-11.85645341873169
11.406188488006592,30.032813549041748,20.0,255,-10.032813549041748
11.46087646484375,30.314946174621582,20.0,255,-10.314946174621582
11.515562534332275,30.29041290283203,20.0,255,-10.290412902832031
11.570401906967163,32.371652126312256,20.0,255,-12.371652126312256
11.625168561935425,31.85645341873169,20.0,255,-11.85645341873169
11.679961681365967,31.320810317993164,20.0,255,-11.320810317993164
11.73475980758667,32.15494155883789,20.0,255,-12.15494155883789
11.78950572013855,30.3067684173584,20.0,255,-10.306768417358398
11.844166278839111,29.754769802093506,20.0,255,-9.754769802093506
11.898873329162598,30.576634407043457,20.0,255,-10.576634407043457
11.953689813613892,31.90551996231079,20.0,255,-11.905519962310791
12.008436918258667,30.80970048904419,20.0,255,-10.80970048904419
12.063127040863037,30.29041290283203,20.0,255,-10.290412902832031
12.117873191833496,31.324899196624756,20.0,255,-11.324899196624756
12.17255163192749,30.294501781463623,20.0,255,-10.294501781463623
12.227192878723145,29.664814472198486,20.0,255,-9.664814472198486
12.281842470169067,29.24365997314453,20.0,255,-9.243659973144531
12.336554527282715,30.01236915588379,20.0,255,-10.012369155883789
12.391276121139526,30.56436777114868,20.0,255,-10.564367771148682
12.446023941040039,31.35761022567749,20.0,255,-11.35761022567749
12.500730514526367,29.758858680725098,20.0,255,-9.758858680725098
12.555525779724121,29.99192476272583,20.0,255,-9.99192476272583
12.610256433486938,29.754769802093506,20.0,255,-9.754769802093506
12.664898872375488,29.231393337249756,20.0,255,-9.231393337249756
12.719539403915405,29.521703720092773,20.0,255,-9.521703720092773
12.774189949035645,28.932905197143555,20.0,255,-8.932905197143555
12.828910827636719,30.302679538726807,20.0,255,-10.302679538726807
12.883599996566772,30.3067684173584,20.0,255,-10.306768417358398
12.938393354415894,32.13040828704834,20.0,255,-12.13040828704834
12.993089199066162,30.26587963104248,20.0,255,-10.26587963104248
13.047824382781982,30.31085729598999,20.0,255,-10.31085729598999
13.102489233016968,29.76703643798828,20.0,255,-9.767036437988281
13.157129764556885,30.024635791778564,20.0,255,-10.024635791778564
13.211834192276001,30.821967124938965,20.0,255,-10.821967124938965
13.26639723777771,28.393173217773438,20.0,255,-8.393173217773438
13.321045160293579,29.24365997314453,20.0,255,-9.243659973144531
13.375694036483765,30.024635791778564,20.0,255,-10.024635791778564
13.430372714996338,30.04099130630493,20.0,255,-10.040991306304932
13.484976291656494,29.2600154876709,20.0,255,-9.260015487670898
13.539601564407349,28.663039207458496,20.0,255,-8.663039207458496
13.594260692596436,28.998327255249023,20.0,255,-8.998327255249023
13.649208068847656,27.767574787139893,20.0,255,-7.767574787139893
13.703798294067383,28.05379629135132,20.0,255,-8.053796291351318
13.758479833602905,28.961527347564697,20.0,255,-8.961527347564697
13.813180923461914,29.521703720092773,20.0,255,-9.521703720092773
13.867946147918701,29.501259326934814,20.0,255,-9.501259326934814
13.922539710998535,28.67530584335327,20.0,255,-8.675305843353271
13.977088928222656,28.074240684509277,20.0,255,-8.074240684509277
14.031734943389893,28.389084339141846,20.0,255,-8.389084339141846
14.08640742301941,28.94517183303833,20.0,255,-8.94517183303833
14.14106822013855,29.775214195251465,20.0,255,-9.775214195251465
14.19574499130249,30.282235145568848,20.0,255,-10.282235145568848
14.250282287597656,28.094685077667236,20.0,255,-8.094685077667236
14.304757595062256,27.207398414611816,20.0,255,-7.207398414611816
14.359317302703857,27.497708797454834,20.0,255,-7.497708797454834
14.414073705673218,30.805611610412598,20.0,255,-10.805611610412598
14.468647480010986,28.074240684509277,20.0,255,-8.074240684509277
14.523285865783691,28.39726209640503,20.0,255,-8.39726209640503
14.577920198440552,27.501797676086426,20.0,255,-7.501797676086426
14.63258695602417,28.94517183303833,20.0,255,-8.94517183303833
14.68720030784607,28.96561622619629,20.0,255,-8.965616226196289
14.741868019104004,29.758858680725098,20.0,255,-9.758858680725098
14.796402215957642,27.19104290008545,20.0,255,-7.191042900085449
14.850857496261597,26.610422134399414,20.0,255,-6.610422134399414
14.905519962310791,28.00881862640381,20.0,255,-8.008818626403809
14.960193157196045,28.977882862091064,20.0,255,-8.977882862091064
15.014723062515259,26.89664363861084,20.0,255,-6.89664363861084
15.06937551498413,27.80846357345581,20.0,255,-7.8084635734558105
15.124006271362305,29.227304458618164,20.0,255,-9.227304458618164
15.17851209640503,27.223753929138184,20.0,255,-7.223753929138184
15.233062267303467,27.481353282928467,20.0,255,-7.481353282928467
15.28760814666748,27.812552452087402,20.0,255,-7.812552452087402
15.34204649925232,26.062512397766113,20.0,255,-6.062512397766113
15.396507740020752,26.32828950881958,20.0,255,-6.32828950881958
15.450954914093018,26.320111751556396,20.0,255,-6.3201117515563965
15.505640745162964,27.052021026611328,20.0,255,-7.052021026611328
15.560174942016602,26.64722204208374,20.0,255,-6.64722204208374
15.614725112915039,27.75939702987671,20.0,255,-7.759397029876709
15.669163703918457,26.05433464050293,20.0,255,-6.05433464050293
15.723609209060669,26.336467266082764,20.0,255,-6.336467266082764
15.778048038482666,25.46553611755371,20.0,255,-5.465536117553711
15.832478761672974,25.477802753448486,20.0,255,-5.477802753448486
15.886930704116821,25.751757621765137,20.0,255,-5.751757621765137
15.941303968429565,24.864470958709717,20.0,255,-4.864470958709717
15.995752573013306,25.130248069763184,20.0,255,-5.130248069763184
16.05014157295227,24.561893939971924,20.0,255,-4.561893939971924
16.10450792312622,24.557805061340332,20.0,255,-4.557805061340332
16.15895175933838,26.62268877029419,20.0,255,-6.6226887702941895
16.213265895843506,23.993539810180664,20.0,0,-3.993539810180664
16.267711400985718,24.85220432281494,20.0,255,-4.852204322814941
16.322044134140015,23.98127317428589,20.0,255,-3.9812731742858887
16.376371383666992,24.296116828918457,20.0,255,-4.296116828918457
16.430703163146973,24.287939071655273,20.0,255,-4.287939071655273
16.48509430885315,24.287939071655273,20.0,255,-4.287939071655273
16.539512872695923,24.55371618270874,20.0,255,-4.55371618270874
16.59384822845459,23.997628688812256,20.0,255,-3.997628688812256
16.648173570632935,23.98536205291748,20.0,255,-3.9853620529174805
16.702592849731445,25.723135471343994,20.0,255,-5.723135471343994
16.756898164749146,23.363852500915527,20.0,0,-3.3638525009155273
16.811254739761353,24.5741605758667,20.0,255,-4.574160575866699
16.865509033203125,23.70731830596924,20.0,255,-3.7073183059692383
16.9198215007782,24.292027950286865,20.0,255,-4.292027950286865
16.974106550216675,24.28385019302368,20.0,255,-4.283850193023682
17.02844786643982,23.682785034179688,20.0,255,-3.6827850341796875
17.082721948623657,23.134875297546387,20.0,255,-3.1348752975463867
17.136993646621704,23.09807538986206,20.0,255,-3.0980753898620605
17.19130563735962,23.98127317428589,20.0,255,-3.9812731742858887
17.245622396469116,23.69096279144287,20.0,255,-3.690962791442871
17.299909830093384,23.70731830596924,20.0,255,-3.7073183059692383
17.35416293144226,22.82412052154541,20.0,255,-2.82412052154541
17.408471822738647,24.022161960601807,20.0,255,-4.022161960601807
17.462830543518066,24.018073081970215,20.0,255,-4.018073081970215
17.517260551452637,23.44154119491577,20.0,255,-3.4415411949157715
17.571596145629883,22.856831550598145,20.0,255,-2.8568315505981445
17.6258282661438,22.832298278808594,20.0,255,-2.8322982788085938
17.680060625076294,22.533810138702393,20.0,255,-2.5338101387023926
17.73430895805359,22.836387157440186,20.0,255,-2.8363871574401855
17.78861117362976,23.114430904388428,20.0,255,-3.1144309043884277
17.842808723449707,23.388385772705078,20.0,255,-3.388385772705078
17.897037506103516,22.521543502807617,20.0,255,-2.521543502807617
17.951279163360596,22.84865379333496,20.0,255,-2.848653793334961
18.00551700592041,21.88776731491089,20.0,0,-1.8877673149108887
18.059750080108643,21.875500679016113,20.0,255,-1.8755006790161133
18.11393690109253,21.89185619354248,20.0,255,-1.8918561935424805
18.16814661026001,21.88776731491089,20.0,255,-1.8877673149108887
18.22235631942749,22.214877605438232,20.0,255,-2.2148776054382324
18.276618003845215,22.18625545501709,20.0,255,-2.18625545501709
18.33079242706299,20.906436443328857,20.0,0,-0.9064364433288574
18.385029792785645,22.23532199859619,20.0,255,-2.2353219985961914
18.43924355506897,22.194433212280273,20.0,255,-2.1944332122802734
18.493600130081177,22.541987895965576,20.0,255,-2.541987895965576
18.54783344268799,22.2312331199646,20.0,255,-2.2312331199645996
18.602019786834717,21.217191219329834,20.0,0,-1.217191219329834
18.65631914138794,23.41291904449463,20.0,255,-3.412919044494629
18.710614919662476,22.50518798828125,20.0,255,-2.50518798828125
18.764901161193848,21.241724491119385,20.0,0,-1.2417244911193848
18.819080114364624,21.225368976593018,20.0,255,-1.2253689765930176
18.873353481292725,22.488832473754883,20.0,255,-2.488832473754883
18.927576303482056,22.194433212280273,20.0,255,-2.1944332122802734
18.98176407814026,21.27443552017212,20.0,0,-1.2744355201721191
19.03608226776123,23.11851978302002,20.0,255,-3.1185197830200195
19.09027910232544,22.227144241333008,20.0,222,-2.227144241333008
19.144412755966187,20.922791957855225,20.0,0,-0.9227919578552246
19.19860553741455,22.21078872680664,20.0,255,-2.2107887268066406
19.252834796905518,21.924567222595215,20.0,255,-1.9245672225952148
19.307034254074097,21.544301509857178,20.0,255,-1.5443015098571777
19.361305475234985,22.815942764282227,20.0,255,-2.8159427642822266
19.415579795837402,22.828209400177002,20.0,255,-2.828209400177002
19.469780206680298,21.908211708068848,20.0,34,-1.9082117080688477
19.524138927459717,22.223055362701416,20.0,255,-2.223055362701416
19.57849097251892,21.900033950805664,20.0,255,-1.900033950805664
19.63268542289734,20.922791957855225,20.0,0,-0.9227919578552246
19.68701696395874,23.748207092285156,20.0,255,-3.7482070922851562
19.741310834884644,21.91230058670044,20.0,0,-1.9123005867004395
19.79556369781494,21.89185619354248,20.0,255,-1.8918561935424805
19.849823713302612,22.852742671966553,20.0,255,-2.8527426719665527
19.904073238372803,22.836387157440186,20.0,255,-2.8363871574401855
19.95823621749878,21.544301509857178,20.0,0,-1.5443015098571777
20.01248049736023,21.855056285858154,20.0,255,-1.8550562858581543
20.066722869873047,21.360301971435547,20.0,185,-1.3603019714355469
20.120908737182617,21.56883478164673,20.0,255,-1.5688347816467285
20.175145387649536,22.509276866912842,20.0,255,-2.509276866912842
20.229383945465088,22.509276866912842,20.0,255,-2.509276866912842
20.283594846725464,21.585190296173096,20.0,0,-1.5851902961730957
20.338186740875244,21.863234043121338,20.0,255,-1.863234043121338
20.392427921295166,22.57469892501831,20.0,255,-2.5746989250183105
20.44662380218506,22.513365745544434,20.0,255,-2.5133657455444336
20.50085186958313,22.79958724975586,20.0,255,-2.7995872497558594
20.55514621734619,22.79958724975586,20.0,255,-2.7995872497558594
20.609482765197754,21.883678436279297,20.0,25,-1.8836784362792969
20.66365885734558,21.875500679016113,20.0,255,-1.8755006790161133
20.71788001060486,22.198522090911865,20.0,255,-2.1985220909118652
20.77211570739746,21.875500679016113,20.0,255,-1.8755006790161133
20.82632350921631,22.202610969543457,20.0,255,-2.202610969543457
20.880587577819824,23.102164268493652,20.0,255,-3.1021642684936523
20.93481969833374,22.517454624176025,20.0,255,-2.5174546241760254
20.989017963409424,21.25399112701416,20.0,0,-1.2539911270141602
21.04327964782715,22.55016565322876,20.0,255,-2.5501656532287598
21.097514152526855,22.5297212600708,20.0,255,-2.529721260070801
21.15168046951294,21.56883478164673,20.0,0,-1.5688347816467285
21.205843210220337,21.237635612487793,20.0,255,-1.237635612487793
21.260034799575806,21.241724491119385,20.0,255,-1.2417244911193848
21.31426453590393,22.202610969543457,20.0,255,-2.202610969543457
21.368441820144653,22.198522090911865,20.0,255,-2.1985220909118652
21.422586679458618,21.27852439880371,20.0,0,-1.278524398803711
21.476757526397705,22.537899017333984,20.0,255,-2.5378990173339844
21.530983686447144,22.2312331199646,20.0,255,-2.2312331199645996
21.58526110649109,22.21078872680664,20.0,255,-2.2107887268066406
21.639537572860718,22.52563238143921,20.0,255,-2.525632381439209
21.693759441375732,22.521543502807617,20.0,255,-2.521543502807617
21.747950077056885,21.55247926712036,20.0,0,-1.5524792671203613
21.80215358734131,21.57292366027832,20.0,255,-1.5729236602783203
21.85633611679077,21.564745903015137,20.0,255,-1.5647459030151367
21.910492420196533,21.217191219329834,20.0,255,-1.217191219329834
21.964659929275513,21.564745903015137,20.0,255,-1.5647459030151367
22.018954038619995,22.807765007019043,20.0,255,-2.807765007019043
22.073156595230103,21.585190296173096,20.0,0,-1.5851902961730957
22.127277612686157,20.599770545959473,20.0,0,-0.5997705459594727
22.181463718414307,21.335768699645996,20.0,255,-1.335768699645996
22.235634326934814,21.55247926712036,20.0,255,-1.5524792671203613
22.289822578430176,21.25399112701416,20.0,255,-1.2539911270141602
22.344046592712402,22.50518798828125,20.0,255,-2.50518798828125
22.39819073677063,21.556568145751953,20.0,0,-1.5565681457519531
22.452332258224487,21.237635612487793,20.0,255,-1.237635612487793
22.506632566452026,22.5297212600708,20.0,255,-2.529721260070801
22.560913801193237,22.513365745544434,20.0,255,-2.5133657455444336
22.61508274078369,21.27443552017212,20.0,0,-1.2744355201721191
22.669313192367554,21.217191219329834,20.0,255,-1.217191219329834
22.72357439994812,22.546076774597168,20.0,255,-2.546076774597168
22.77788209915161,22.227144241333008,20.0,255,-2.227144241333008
22.832106351852417,21.245813369750977,20.0,0,-1.2458133697509766
22.88634490966797,22.541987895965576,20.0,255,-2.541987895965576
22.94057011604309,22.20669984817505,20.0,255,-2.206699848175049
22.994736909866333,21.266257762908936,20.0,0,-1.2662577629089355
23.04902672767639,23.106253147125244,20.0,255,-3.106253147125244
23.10325813293457,22.23532199859619,20.0,246,-2.2353219985961914
23.157443284988403,20.918703079223633,20.0,0,-0.9187030792236328
23.21171998977661,23.159408569335938,20.0,255,-3.1594085693359375
23.265926599502563,21.895945072174072,20.0,0,-1.8959450721740723
23.320139408111572,21.863234043121338,20.0,255,-1.863234043121338
23.374380826950073,22.815942764282227,20.0,255,-2.8159427642822266
23.428614616394043,22.541987895965576,20.0,255,-2.541987895965576
23.482857942581177,22.55016565322876,20.0,255,-2.5501656532287598
23.53719997406006,22.82003164291382,20.0,255,-2.8200316429138184
23.591522216796875,22.852742671966553,20.0,255,-2.8527426719665527
23.645756244659424,22.25167751312256,20.0,255,-2.2516775131225586
23.69995427131653,21.900033950805664,20.0,255,-1.900033950805664
23.754066467285156,21.262168884277344,20.0,0,-1.2621688842773438
23.80831027030945,22.5297212600708,20.0,255,-2.529721260070801
23.8625545501709,22.546076774597168,20.0,255,-2.546076774597168
23.916722059249878,21.237635612487793,20.0,0,-1.237635612487793
23.970937252044678,22.223055362701416,20.0,255,-2.223055362701416
24.025238275527954,22.546076774597168,20.0,255,-2.546076774597168
24.07954239845276,22.198522090911865,20.0,255,-2.1985220909118652
24.133718490600586,21.290791034698486,20.0,0,-1.2907910346984863
24.187983751296997,23.12260866165161,20.0,255,-3.1226086616516113
24.242164850234985,21.266257762908936,20.0,0,-1.2662577629089355
24.296391010284424,21.908211708068848,20.0,255,-1.9082117080688477
24.3506121635437,21.88776731491089,20.0,255,-1.8877673149108887
24.404913663864136,23.13896417617798,20.0,255,-3.1389641761779785
24.45914649963379,21.895945072174072,20.0,0,-1.8959450721740723
24.51346468925476,21.89185619354248,20.0,255,-1.8918561935424805
24.56771945953369,21.863234043121338,20.0,255,-1.863234043121338
24.622009992599487,22.811853885650635,20.0,255,-2.8118538856506348
24.676272869110107,21.904122829437256,20.0,44,-1.9041228294372559
24.73060941696167,23.085808753967285,20.0,255,-3.085808753967285
24.784813404083252,21.56883478164673,20.0,0,-1.5688347816467285
24.839017391204834,21.59336805343628,20.0,255,-1.5933680534362793
24.89335608482361,22.832298278808594,20.0,255,-2.8322982788085938
24.94760036468506,22.541987895965576,20.0,255,-2.541987895965576
25.001835823059082,21.556568145751953,20.0,0,-1.5565681457519531
25.056138038635254,22.811853885650635,20.0,255,-2.8118538856506348
25.110429048538208,22.52563238143921,20.0,255,-2.525632381439209
25.164649724960327,21.560657024383545,20.0,0,-1.560657024383545
25.21885347366333,21.895945072174072,20.0,255,-1.8959450721740723
25.27312684059143,21.24990224838257,20.0,0,-1.2499022483825684
25.327453136444092,22.52563238143921,20.0,255,-2.525632381439209
25.381770849227905,22.533810138702393,20.0,255,-2.5338101387023926
25.436036586761475,22.227144241333008,20.0,255,-2.227144241333008
25.490262746810913,22.521543502807617,20.0,255,-2.521543502807617
25.544578790664673,23.12260866165161,20.0,255,-3.1226086616516113
25.598791360855103,22.93452024459839,20.0,255,-2.9345202445983887
25.653059720993042,22.791409492492676,20.0,255,-2.791409492492676
25.707260847091675,21.91230058670044,20.0,77,-1.9123005867004395
25.76150894165039,21.380746364593506,20.0,158,-1.3807463645935059
25.81578254699707,22.832298278808594,20.0,255,-2.8322982788085938
25.870062589645386,23.14305305480957,20.0,255,-3.1430530548095703
25.92425847053528,21.581101417541504,20.0,0,-1.581101417541504
25.978459358215332,21.91638946533203,20.0,255,-1.9163894653320312
26.032789707183838,23.41291904449463,20.0,255,-3.412919044494629
26.087050199508667,22.807765007019043,20.0,255,-2.807765007019043
26.141245126724243,21.544301509857178,20.0,0,-1.5443015098571777
26.195534706115723,22.832298278808594,20.0,255,-2.8322982788085938
26.24971318244934,21.544301509857178,20.0,0,-1.5443015098571777
26.30390453338623,21.560657024383545,20.0,255,-1.560657024383545
26.358155965805054,22.546076774597168,20.0,255,-2.546076774597168
26.412410974502563,22.546076774597168,20.0,255,-2.546076774597168
26.466668367385864,22.50518798828125,20.0,255,-2.50518798828125
26.520949125289917,21.55247926712036,20.0,0,-1.5524792671203613
26.575225114822388,21.89185619354248,20.0,255,-1.8918561935424805
26.62948250770569,21.9327449798584,20.0,255,-1.9327449798583984
26.683664798736572,21.577012538909912,20.0,255,-1.577012538909912
26.737913846969604,22.836387157440186,20.0,255,-2.8363871574401855
26.792125940322876,21.895945072174072,20.0,7,-1.8959450721740723
26.846328020095825,21.920478343963623,20.0,255,-1.920478343963623
26.90057611465454,22.79958724975586,20.0,255,-2.7995872497558594
26.954763650894165,21.908211708068848,20.0,62,-1.9082117080688477
27.00939393043518,21.904122829437256,20.0,255,-1.9041228294372559
27.063650608062744,21.904122829437256,20.0,255,-1.9041228294372559
27.117860078811646,21.895945072174072,20.0,255,-1.8959450721740723
27.17205500602722,21.904122829437256,20.0,255,-1.9041228294372559
27.226213932037354,21.91230058670044,20.0,255,-1.9123005867004395
27.280478954315186,22.5297212600708,20.0,255,-2.529721260070801
27.334715604782104,22.23532199859619,20.0,255,-2.2353219985961914
27.38895320892334,22.541987895965576,20.0,255,-2.541987895965576
27.44309902191162,21.564745903015137,20.0,0,-1.5647459030151367
27.497435092926025,21.241724491119385,20.0,255,-1.2417244911193848
27.55174231529236,21.262168884277344,20.0,255,-1.2621688842773438
27.60606837272644,22.513365745544434,20.0,255,-2.5133657455444336
27.660329818725586,21.57292366027832,20.0,0,-1.5729236602783203
27.71466565132141,22.541987895965576,20.0,255,-2.541987895965576
27.769035577774048,21.2335467338562,20.0,0,-1.2335467338562012
27.82344126701355,22.50518798828125,20.0,255,-2.50518798828125
27.87778639793396,22.533810138702393,20.0,255,-2.5338101387023926
27.9320228099823,20.930969715118408,20.0,0,-0.9309697151184082
27.98634672164917,22.2312331199646,20.0,255,-2.2312331199645996
28.040740251541138,23.69096279144287,20.0,255,-3.690962791442871
28.09503984451294,21.908211708068848,20.0,0,-1.9082117080688477
28.14929223060608,21.904122829437256,20.0,255,-1.9041228294372559
28.20362138748169,21.904122829437256,20.0,255,-1.9041228294372559
28.258020877838135,22.828209400177002,20.0,255,-2.828209400177002
28.31234312057495,21.883678436279297,20.0,0,-1.8836784362792969
28.366660833358765,22.836387157440186,20.0,255,-2.8363871574401855
28.42100191116333,22.787320613861084,20.0,255,-2.787320613861084
28.475313663482666,21.88776731491089,20.0,44,-1.8877673149108887
28.529709339141846,22.84456491470337,20.0,255,-2.844564914703369
28.58396625518799,21.59336805343628,20.0,0,-1.5933680534362793
28.63829517364502,21.56883478164673,20.0,255,-1.5688347816467285
28.69265627861023,22.546076774597168,20.0,255,-2.546076774597168
28.747089624404907,23.989450931549072,20.0,255,-3.9894509315490723
28.801422119140625,22.537899017333984,20.0,0,-2.5378990173339844
28.855730295181274,22.815942764282227,20.0,255,-2.8159427642822266
28.91002917289734,22.198522090911865,20.0,255,-2.1985220909118652
28.964290857315063,22.5297212600708,20.0,255,-2.529721260070801
29.018723249435425,23.425185680389404,20.0,255,-3.4251856803894043
29.073074340820312,22.541987895965576,20.0,255,-2.541987895965576
29.127376556396484,21.895945072174072,20.0,255,-1.8959450721740723
29.181782722473145,23.695051670074463,20.0,255,-3.695051670074463
29.236113786697388,22.214877605438232,20.0,0,-2.2148776054382324
29.290384531021118,20.918703079223633,20.0,0,-0.9187030792236328
29.34470009803772,22.23532199859619,20.0,255,-2.2353219985961914
29.399061918258667,23.102164268493652,20.0,255,-3.1021642684936523
29.45338249206543,21.895945072174072,20.0,0,-1.8959450721740723
29.507731437683105,21.91230058670044,20.0,255,-1.9123005867004395
29.562105655670166,21.91230058670044,20.0,255,-1.9123005867004395
29.616408109664917,21.89185619354248,20.0,255,-1.8918561935424805
29.67071032524109,21.89185619354248,20.0,255,-1.8918561935424805
29.72508716583252,22.82412052154541,20.0,255,-2.82412052154541
29.779456853866577,22.202610969543457,20.0,255,-2.202610969543457
29.83371591567993,20.91052532196045,20.0,0,-0.9105253219604492
29.887973070144653,21.241724491119385,20.0,255,-1.2417244911193848
29.942271947860718,22.517454624176025,20.0,255,-2.5174546241760254
29.99662709236145,22.21078872680664,20.0,255,-2.2107887268066406
30.051273584365845,22.194433212280273,20.0,255,-2.1944332122802734
30.10559368133545,23.30251932144165,20.0,255,-3.3025193214416504
30.15984320640564,21.55247926712036,20.0,0,-1.5524792671203613
30.214104413986206,22.194433212280273,20.0,255,-2.1944332122802734
30.268415927886963,21.221280097961426,20.0,0,-1.2212800979614258
30.322773218154907,22.16581106185913,20.0,255,-2.165811061859131
30.377036571502686,21.24990224838257,20.0,0,-1.2499022483825684
30.431320667266846,21.883678436279297,20.0,255,-1.8836784362792969
30.485617637634277,22.357988357543945,20.0,255,-2.3579883575439453
30.540027856826782,22.84865379333496,20.0,255,-2.848653793334961
30.59436273574829,21.904122829437256,20.0,7,-1.9041228294372559
30.64872717857361,21.86732292175293,20.0,255,-1.8673229217529297
30.703084707260132,22.795498371124268,20.0,255,-2.7954983711242676
30.75748920440674,22.787320613861084,20.0,255,-2.787320613861084
30.811837911605835,22.811853885650635,20.0,255,-2.8118538856506348
30.86614966392517,22.239410877227783,20.0,255,-2.239410877227783
30.92049765586853,23.114430904388428,20.0,255,-3.1144309043884277
30.974754571914673,21.266257762908936,20.0,0,-1.2662577629089355
31.029211282730103,22.509276866912842,20.0,255,-2.509276866912842
31.083588123321533,22.243499755859375,20.0,255,-2.243499755859375
31.137832641601562,21.225368976593018,20.0,0,-1.2253689765930176
31.19214415550232,22.20669984817505,20.0,255,-2.206699848175049
31.24646759033203,22.513365745544434,20.0,255,-2.5133657455444336
31.30073046684265,21.883678436279297,20.0,255,-1.8836784362792969
31.355035305023193,22.182166576385498,20.0,255,-2.182166576385498
31.409420490264893,23.102164268493652,20.0,255,-3.1021642684936523
31.463656187057495,21.270346641540527,20.0,0,-1.2703466415405273
31.51814341545105,21.221280097961426,20.0,255,-1.2212800979614258
31.572553873062134,22.546076774597168,20.0,255,-2.546076774597168
31.62687063217163,21.20901346206665,20.0,0,-1.2090134620666504
31.68120312690735,22.218966484069824,20.0,255,-2.218966484069824
31.735536098480225,22.23532199859619,20.0,255,-2.2353219985961914
31.789859533309937,22.55016565322876,20.0,255,-2.5501656532287598
31.844078540802002,20.951414108276367,20.0,0,-0.9514141082763672
31.898387670516968,22.21078872680664,20.0,255,-2.2107887268066406
31.952707290649414,22.492921352386475,20.0,255,-2.4929213523864746
32.0070538520813,21.879589557647705,20.0,255,-1.879589557647705
32.06152558326721,22.178077697753906,20.0,255,-2.1780776977539062
32.115856885910034,22.243499755859375,20.0,255,-2.243499755859375
32.1701717376709,22.541987895965576,20.0,255,-2.541987895965576
32.22445297241211,22.218966484069824,20.0,255,-2.218966484069824
32.278762340545654,21.564745903015137,20.0,128,-1.5647459030151367
32.33323383331299,23.429274559020996,20.0,255,-3.429274559020996
32.387651205062866,22.521543502807617,20.0,255,-2.521543502807617
32.441877126693726,21.221280097961426,20.0,0,-1.2212800979614258
32.49621057510376,21.237635612487793,20.0,255,-1.237635612487793
32.55065393447876,22.5297212600708,20.0,255,-2.529721260070801
32.605093002319336,23.126697540283203,20.0,255,-3.126697540283203
32.65936279296875,21.213102340698242,20.0,0,-1.2131023406982422
32.71370077133179,22.513365745544434,20.0,255,-2.5133657455444336
32.76810932159424,22.513365745544434,20.0,255,-2.5133657455444336
32.82246518135071,22.21078872680664,20.0,255,-2.2107887268066406
32.87673759460449,21.266257762908936,20.0,0,-1.2662577629089355
32.93110179901123,23.134875297546387,20.0,255,-3.1348752975463867
32.985475063323975,22.501099109649658,20.0,255,-2.501099109649658
33.03982710838318,22.20669984817505,20.0,255,-2.206699848175049
33.09406399726868,21.2335467338562,20.0,0,-1.2335467338562012
33.148357629776,23.147141933441162,20.0,255,-3.147141933441162
33.202635049819946,22.169899940490723,20.0,107,-2.1698999404907227
33.25684952735901,20.91052532196045,20.0,0,-0.9105253219604492
33.31117534637451,21.908211708068848,20.0,255,-1.9082117080688477
33.365554094314575,23.25345277786255,20.0,255,-3.253452777862549
33.41981506347656,21.589279174804688,20.0,0,-1.5892791748046875
33.47417640686035,23.39247465133667,20.0,255,-3.39247465133667
33.52859425544739,22.55425453186035,20.0,255,-2.5542545318603516
33.58289551734924,21.25399112701416,20.0,0,-1.2539911270141602
33.63720750808716,22.521543502807617,20.0,255,-2.521543502807617
33.69195508956909,22.227144241333008,20.0,255,-2.227144241333008
33.74629092216492,22.5297212600708,20.0,255,-2.529721260070801
33.800623416900635,22.513365745544434,20.0,255,-2.5133657455444336
33.85490942001343,22.537899017333984,20.0,255,-2.5378990173339844
33.90935564041138,22.836387157440186,20.0,255,-2.8363871574401855
33.96365237236023,21.900033950805664,20.0,13,-1.900033950805664
34.017982482910156,21.87141180038452,20.0,255,-1.8714118003845215
34.07236695289612,22.815942764282227,20.0,255,-2.8159427642822266
34.12673592567444,23.134875297546387,20.0,255,-3.1348752975463867
34.18101978302002,21.86732292175293,20.0,0,-1.8673229217529297
34.23525786399841,20.91052532196045,20.0,0,-0.9105253219604492
34.28958058357239,21.86732292175293,20.0,255,-1.8673229217529297
34.34387516975403,21.89185619354248,20.0,255,-1.8918561935424805
34.39812397956848,21.556568145751953,20.0,255,-1.5565681457519531
34.452370166778564,21.88776731491089,20.0,255,-1.8877673149108887
34.50662565231323,22.218966484069824,20.0,255,-2.218966484069824
34.56096315383911,21.91638946533203,20.0,255,-1.9163894653320312
34.615233182907104,21.225368976593018,20.0,0,-1.2253689765930176
34.66959595680237,22.725987434387207,20.0,255,-2.725987434387207
34.72386312484741,22.227144241333008,20.0,255,-2.227144241333008
34.77822923660278,22.239410877227783,20.0,255,-2.239410877227783
34.83264183998108,22.533810138702393,20.0,255,-2.5338101387023926
34.88699913024902,22.21078872680664,20.0,255,-2.2107887268066406
34.9412624835968,21.245813369750977,20.0,0,-1.2458133697509766
34.99568271636963,22.517454624176025,20.0,255,-2.5174546241760254
35.05000042915344,21.556568145751953,20.0,0,-1.5565681457519531
35.10431718826294,22.2312331199646,20.0,255,-2.2312331199645996
35.15852355957031,20.926880836486816,20.0,0,-0.9268808364868164
35.21282911300659,22.202610969543457,20.0,255,-2.202610969543457
35.267128467559814,21.89185619354248,20.0,255,-1.8918561935424805
35.32154107093811,21.908211708068848,20.0,255,-1.9082117080688477
35.375866651535034,23.674607276916504,20.0,255,-3.674607276916504
35.43017578125,21.883678436279297,20.0,0,-1.8836784362792969
35.484580755233765,23.126697540283203,20.0,255,-3.126697540283203
35.53895115852356,22.227144241333008,20.0,214,-2.227144241333008
35.59329152107239,21.88776731491089,20.0,255,-1.8877673149108887
35.6477313041687,23.723673820495605,20.0,255,-3.7236738204956055
35.70205736160278,23.134875297546387,20.0,255,-3.1348752975463867
35.75642681121826,21.883678436279297,20.0,0,-1.8836784362792969
35.810762882232666,23.081719875335693,20.0,255,-3.0817198753356934
35.865034341812134,21.91230058670044,20.0,0,-1.9123005867004395
35.91933465003967,21.87141180038452,20.0,255,-1.8714118003845215
35.97363233566284,21.87141180038452,20.0,255,-1.8714118003845215
36.028069734573364,23.70731830596924,20.0,255,-3.7073183059692383
36.08236742019653,21.920478343963623,20.0,0,-1.920478343963623
36.13665437698364,21.908211708068848,20.0,255,-1.9082117080688477
36.190903663635254,21.908211708068848,20.0,255,-1.9082117080688477
36.24525737762451,21.57292366027832,20.0,255,-1.5729236602783203
36.299565076828,21.875500679016113,20.0,255,-1.8755006790161133
36.35394287109375,23.678696155548096,20.0,255,-3.6786961555480957
36.40820097923279,22.21078872680664,20.0,0,-2.2107887268066406
36.462406396865845,20.91052532196045,20.0,0,-0.9105253219604492
36.51683306694031,23.66642951965332,20.0,255,-3.6664295196533203
36.57121467590332,23.102164268493652,20.0,255,-3.1021642684936523
36.625612020492554,22.82003164291382,20.0,255,-2.8200316429138184
36.67992448806763,22.194433212280273,20.0,255,-2.1944332122802734
36.734270334243774,22.218966484069824,20.0,255,-2.218966484069824
36.78854942321777,20.906436443328857,20.0,0,-0.9064364433288574
36.842893838882446,22.198522090911865,20.0,255,-2.1985220909118652
36.89714598655701,22.18625545501709,20.0,255,-2.18625545501709
36.95142650604248,21.91230058670044,20.0,255,-1.9123005867004395
37.00563406944275,20.947325229644775,20.0,0,-0.9473252296447754
37.059988498687744,22.218966484069824,20.0,255,-2.218966484069824
37.11430907249451,22.202610969543457,20.0,255,-2.202610969543457
37.16851234436035,20.926880836486816,20.0,0,-0.9268808364868164
37.22276473045349,22.7300763130188,20.0,255,-2.730076313018799
37.277124881744385,23.11851978302002,20.0,255,-3.1185197830200195
37.33161640167236,23.114430904388428,20.0,255,-3.1144309043884277
37.38582897186279,20.926880836486816,20.0,0,-0.9268808364868164
37.44012475013733,22.214877605438232,20.0,255,-2.2148776054382324
37.494527101516724,21.859145164489746,20.0,255,-1.859145164489746
37.54890823364258,21.904122829437256,20.0,255,-1.9041228294372559
37.6032395362854,22.227144241333008,20.0,255,-2.227144241333008
37.65760374069214,20.734703540802002,20.0,0,-0.734703540802002
37.7118878364563,22.198522090911865,20.0,255,-2.1985220909118652
37.76622438430786,22.19034433364868,20.0,255,-2.1903443336486816
37.820552110672,21.908211708068848,20.0,255,-1.9082117080688477
37.874797344207764,22.214877605438232,20.0,255,-2.2148776054382324
37.92922568321228,22.198522090911865,20.0,255,-2.1985220909118652
37.98368501663208,22.533810138702393,20.0,255,-2.5338101387023926
38.03804016113281,21.270346641540527,20.0,0,-1.2703466415405273
38.092376947402954,22.497010231018066,20.0,255,-2.4970102310180664
38.14674496650696,22.517454624176025,20.0,255,-2.5174546241760254
38.20107412338257,22.5297212600708,20.0,255,-2.529721260070801
38.25535225868225,21.258080005645752,20.0,0,-1.258080005645752
38.30960154533386,21.258080005645752,20.0,255,-1.258080005645752
38.36389899253845,22.521543502807617,20.0,255,-2.521543502807617
38.4181387424469,21.2335467338562,20.0,0,-1.2335467338562012
38.4724497795105,22.218966484069824,20.0,255,-2.218966484069824
38.52676343917847,22.18625545501709,20.0,255,-2.18625545501709
38.58111381530762,23.12260866165161,20.0,255,-3.1226086616516113
38.6354603767395,22.214877605438232,20.0,199,-2.2148776054382324
38.68977904319763,21.245813369750977,20.0,0,-1.2458133697509766
38.744046211242676,22.21078872680664,20.0,255,-2.2107887268066406
38.798423528671265,23.11851978302002,20.0,255,-3.1185197830200195
38.852728605270386,21.91638946533203,20.0,0,-1.9163894653320312
38.90701627731323,22.218966484069824,20.0,255,-2.218966484069824
38.96145749092102,23.71140718460083,20.0,255,-3.71140718460083
39.01584315299988,23.12260866165161,20.0,255,-3.1226086616516113
39.070040225982666,20.93505859375,20.0,0,-0.93505859375
39.124337911605835,22.202610969543457,20.0,255,-2.202610969543457
39.178622245788574,21.900033950805664,20.0,255,-1.900033950805664
39.23296356201172,21.89185619354248,20.0,255,-1.8918561935424805
39.28732681274414,22.223055362701416,20.0,255,-2.223055362701416
39.341639280319214,22.227144241333008,20.0,255,-2.227144241333008
39.39594650268555,22.239410877227783,20.0,255,-2.239410877227783
39.450215578079224,22.20669984817505,20.0,255,-2.206699848175049
39.504558086395264,22.521543502807617,20.0,255,-2.521543502807617
39.55888605117798,21.56883478164673,20.0,0,-1.5688347816467285
39.61325788497925,21.589279174804688,20.0,255,-1.5892791748046875
39.66755223274231,22.537899017333984,20.0,255,-2.5378990173339844
39.721856117248535,22.811853885650635,20.0,255,-2.8118538856506348
39.77621674537659,22.50518798828125,20.0,255,-2.50518798828125
39.8305082321167,21.577012538909912,20.0,0,-1.577012538909912
39.88478875160217,21.556568145751953,20.0,255,-1.5565681457519531
39.938905477523804,21.589279174804688,20.0,255,-1.5892791748046875
39.99312353134155,21.22945785522461,20.0,254,-1.2294578552246094
40.04750990867615,21.24990224838257,20.0,255,-1.2499022483825684
40.10182452201843,22.537899017333984,20.0,255,-2.5378990173339844
40.15601682662964,21.564745903015137,20.0,0,-1.5647459030151367
40.21026539802551,22.533810138702393,20.0,255,-2.5338101387023926
40.264469385147095,21.241724491119385,20.0,0,-1.2417244911193848
40.31877517700195,22.13718891143799,20.0,255,-2.1371889114379883
40.37307405471802,21.875500679016113,20.0,255,-1.8755006790161133
40.427892208099365,21.863234043121338,20.0,255,-1.863234043121338
40.48235559463501,23.678696155548096,20.0,255,-3.6786961555480957
40.536752462387085,22.218966484069824,20.0,0,-2.218966484069824
40.59100341796875,20.918703079223633,20.0,0,-0.9187030792236328
40.64534902572632,21.87141180038452,20.0,255,-1.8714118003845215
40.69962286949158,21.900033950805664,20.0,255,-1.900033950805664
40.75385618209839,21.560657024383545,20.0,255,-1.560657024383545
40.80810737609863,21.904122829437256,20.0,255,-1.9041228294372559
40.8624222278595,22.840476036071777,20.0,255,-2.8404760360717773
40.91667914390564,22.18625545501709,20.0,255,-2.18625545501709
40.97100305557251,22.5297212600708,20.0,255,-2.529721260070801
41.02541422843933,21.27852439880371,20.0,0,-1.278524398803711
41.079726219177246,21.25399112701416,20.0,255,-1.2539911270141602
41.13406848907471,23.114430904388428,20.0,255,-3.1144309043884277
41.18840146064758,22.202610969543457,20.0,189,-2.202610969543457
41.24272871017456,22.198522090911865,20.0,255,-2.1985220909118652
41.2970507144928,22.57469892501831,20.0,255,-2.5746989250183105
41.35135817527771,22.218966484069824,20.0,255,-2.218966484069824
41.40558433532715,21.266257762908936,20.0,0,-1.2662577629089355
41.4598925113678,22.55425453186035,20.0,255,-2.5542545318603516
41.51429104804993,22.546076774597168,20.0,255,-2.546076774597168
41.5686411857605,22.21078872680664,20.0,255,-2.2107887268066406
41.622902393341064,21.221280097961426,20.0,0,-1.2212800979614258
41.677237033843994,23.13896417617798,20.0,255,-3.1389641761779785
41.73162627220154,22.243499755859375,20.0,226,-2.243499755859375
41.7858669757843,20.930969715118408,20.0,0,-0.9309697151184082
41.84018015861511,22.182166576385498,20.0,255,-2.182166576385498
41.89447569847107,22.25167751312256,20.0,255,-2.2516775131225586
41.94874405860901,21.88776731491089,20.0,255,-1.8877673149108887
42.0030357837677,22.247588634490967,20.0,255,-2.247588634490967
42.05743432044983,22.223055362701416,20.0,255,-2.223055362701416
42.11161208152771,20.91052532196045,20.0,0,-0.9105253219604492
42.16583037376404,22.227144241333008,20.0,255,-2.227144241333008
42.2201132774353,23.09807538986206,20.0,255,-3.0980753898620605
42.274391651153564,23.09807538986206,20.0,255,-3.0980753898620605
42.32861328125,22.21078872680664,20.0,218,-2.2107887268066406
42.38290858268738,23.130786418914795,20.0,255,-3.130786418914795
42.437174797058105,22.537899017333984,20.0,255,-2.5378990173339844
42.49147844314575,22.19034433364868,20.0,255,-2.1903443336486816
42.54569411277771,21.221280097961426,20.0,0,-1.2212800979614258
42.59998273849487,23.425185680389404,20.0,255,-3.4251856803894043
42.65409803390503,21.225368976593018,20.0,0,-1.2253689765930176
42.70824885368347,21.237635612487793,20.0,255,-1.237635612487793
42.76254963874817,22.18625545501709,20.0,255,-2.18625545501709
42.81681561470032,22.546076774597168,20.0,255,-2.546076774597168
42.87104797363281,22.214877605438232,20.0,255,-2.2148776054382324
42.925265073776245,21.25399112701416,20.0,0,-1.2539911270141602
42.97952890396118,22.5297212600708,20.0,255,-2.529721260070801
43.03378224372864,22.23532199859619,20.0,255,-2.2353219985961914
43.08803963661194,22.227144241333008,20.0,255,-2.227144241333008
43.14228415489197,22.513365745544434,20.0,255,-2.5133657455444336
43.196468353271484,22.223055362701416,20.0,255,-2.223055362701416
43.25059151649475,21.258080005645752,20.0,0,-1.258080005645752
43.304826498031616,22.517454624176025,20.0,255,-2.5174546241760254
43.35906171798706,22.509276866912842,20.0,255,-2.509276866912842
43.41322731971741,21.221280097961426,20.0,0,-1.2212800979614258
43.46740007400513,21.282613277435303,20.0,255,-1.2826132774353027
43.521687030792236,22.537899017333984,20.0,255,-2.5378990173339844
43.57598805427551,22.218966484069824,20.0,255,-2.218966484069824
43.63020157814026,21.217191219329834,20.0,0,-1.217191219329834
43.6843900680542,22.2312331199646,20.0,255,-2.2312331199645996
43.73863935470581,22.517454624176025,20.0,255,-2.5174546241760254
43.792813777923584,20.918703079223633,20.0,0,-0.9187030792236328
43.84704899787903,22.23532199859619,20.0,255,-2.2353219985961914
43.90129232406616,22.218966484069824,20.0,255,-2.218966484069824
43.9555139541626,21.89185619354248,20.0,255,-1.8918561935424805
44.00979948043823,22.214877605438232,20.0,255,-2.2148776054382324
44.06403374671936,22.202610969543457,20.0,255,-2.202610969543457
44.1181755065918,21.282613277435303,20.0,0,-1.2826132774353027
44.17240047454834,22.521543502807617,20.0,255,-2.521543502807617
44.2266206741333,22.57061004638672,20.0,255,-2.5706100463867188
44.2808575630188,22.202610969543457,20.0,255,-2.202610969543457
44.33509087562561,21.245813369750977,20.0,0,-1.2458133697509766
44.38939189910889,22.537899017333984,20.0,255,-2.5378990173339844
44.443615198135376,22.25167751312256,20.0,255,-2.2516775131225586
44.49791193008423,22.227144241333008,20.0,255,-2.227144241333008
44.55229735374451,23.106253147125244,20.0,255,-3.106253147125244
44.60653352737427,22.198522090911865,20.0,191,-2.1985220909118652
44.66074991226196,22.521543502807617,20.0,255,-2.521543502807617
44.714983224868774,22.541987895965576,20.0,255,-2.541987895965576
44.76922941207886,21.27443552017212,20.0,0,-1.2744355201721191
44.823450326919556,21.241724491119385,20.0,255,-1.2417244911193848
44.877655029296875,22.52563238143921,20.0,255,-2.525632381439209
44.93186688423157,22.223055362701416,20.0,255,-2.223055362701416
44.98613619804382,21.900033950805664,20.0,255,-1.900033950805664
45.04040765762329,21.875500679016113,20.0,255,-1.8755006790161133
45.094635248184204,22.2312331199646,20.0,255,-2.2312331199645996
45.1487922668457,20.926880836486816,20.0,0,-0.9268808364868164
45.20306611061096,23.110342025756836,20.0,255,-3.110342025756836
45.25747275352478,23.110342025756836,20.0,255,-3.110342025756836
45.31178617477417,23.12260866165161,20.0,255,-3.1226086616516113
45.36602807044983,22.521543502807617,20.0,255,-2.521543502807617
45.42018699645996,20.951414108276367,20.0,0,-0.9514141082763672
45.47432279586792,21.241724491119385,20.0,255,-1.2417244911193848
45.52855372428894,21.270346641540527,20.0,255,-1.2703466415405273
45.58275270462036,20.951414108276367,20.0,156,-0.9514141082763672
45.63709878921509,22.52563238143921,20.0,255,-2.525632381439209
45.691328287124634,21.875500679016113,20.0,255,-1.8755006790161133
45.74558663368225,23.339319229125977,20.0,255,-3.3393192291259766
45.79980444908142,22.198522090911865,20.0,0,-2.1985220909118652
45.85393142700195,21.213102340698242,20.0,0,-1.2131023406982422
45.90809631347656,21.89185619354248,20.0,255,-1.8918561935424805
45.96228766441345,21.883678436279297,20.0,255,-1.8836784362792969
46.016605615615845,23.102164268493652,20.0,255,-3.1021642684936523
46.07084584236145,21.879589557647705,20.0,0,-1.879589557647705
46.125056743621826,22.21078872680664,20.0,255,-2.2107887268066406
46.179312229156494,22.82412052154541,20.0,255,-2.82412052154541
46.23353719711304,21.900033950805664,20.0,25,-1.900033950805664
46.287912368774414,23.70731830596924,20.0,255,-3.7073183059692383
46.34217619895935,22.82412052154541,20.0,255,-2.82412052154541
46.3963782787323,21.875500679016113,20.0,0,-1.8755006790161133
46.45054841041565,21.9327449798584,20.0,255,-1.9327449798583984
46.50486993789673,22.82412052154541,20.0,255,-2.82412052154541
46.55917763710022,22.82412052154541,20.0,255,-2.82412052154541
46.61343312263489,22.243499755859375,20.0,255,-2.243499755859375
46.66760873794556,21.908211708068848,20.0,255,-1.9082117080688477
46.72179174423218,22.198522090911865,20.0,255,-2.1985220909118652
46.776052713394165,22.533810138702393,20.0,255,-2.5338101387023926
46.830230951309204,21.225368976593018,20.0,0,-1.2253689765930176
46.88438105583191,21.589279174804688,20.0,255,-1.5892791748046875
46.93859338760376,22.558343410491943,20.0,255,-2.5583434104919434
46.99286341667175,22.227144241333008,20.0,255,-2.227144241333008
47.0470654964447,21.22945785522461,20.0,0,-1.2294578552246094
47.10141444206238,22.533810138702393,20.0,255,-2.5338101387023926
47.15603852272034,22.20669984817505,20.0,255,-2.206699848175049
47.21026349067688,22.247588634490967,20.0,255,-2.247588634490967
47.2644944190979,21.605634689331055,20.0,160,-1.6056346893310547
47.31874203681946,22.223055362701416,20.0,255,-2.223055362701416
47.37296175956726,22.23532199859619,20.0,255,-2.2353219985961914
47.42718577384949,22.5297212600708,20.0,255,-2.529721260070801
47.48149752616882,22.243499755859375,20.0,255,-2.243499755859375
47.53577923774719,21.262168884277344,20.0,0,-1.2621688842773438
47.59008526802063,22.55016565322876,20.0,255,-2.5501656532287598
47.64432740211487,21.24990224838257,20.0,0,-1.2499022483825684
47.69849348068237,20.91461420059204,20.0,122,-0.914614200592041
47.752769947052,22.21078872680664,20.0,255,-2.2107887268066406
47.80697321891785,21.875500679016113,20.0,255,-1.8755006790161133
47.861207485198975,22.807765007019043,20.0,255,-2.807765007019043
47.91542410850525,21.904122829437256,20.0,48,-1.9041228294372559
47.96965670585632,22.214877605438232,20.0,255,-2.2148776054382324
48.02388310432434,21.564745903015137,20.0,132,-1.5647459030151367
48.07808589935303,21.88776731491089,20.0,255,-1.8877673149108887
48.13233947753906,22.811853885650635,20.0,255,-2.8118538856506348
48.18652606010437,21.56883478164673,20.0,0,-1.5688347816467285
48.24071288108826,21.879589557647705,20.0,255,-1.879589557647705
48.29498648643494,22.84456491470337,20.0,255,-2.844564914703369
48.34915471076965,21.577012538909912,20.0,0,-1.577012538909912
48.40341877937317,22.815942764282227,20.0,255,-2.8159427642822266
48.457671880722046,22.546076774597168,20.0,255,-2.546076774597168
48.51189637184143,21.581101417541504,20.0,0,-1.581101417541504
48.56623291969299,22.807765007019043,20.0,255,-2.807765007019043
48.62051725387573,22.562432289123535,20.0,255,-2.562432289123535
48.67473649978638,22.501099109649658,20.0,255,-2.501099109649658
48.72899055480957,22.840476036071777,20.0,255,-2.8404760360717773
48.783273458480835,21.859145164489746,20.0,0,-1.859145164489746
48.83753061294556,21.88776731491089,20.0,255,-1.8877673149108887
48.891695737838745,21.564745903015137,20.0,255,-1.5647459030151367
48.94587016105652,21.91230058670044,20.0,255,-1.9123005867004395
49.00010871887207,22.20669984817505,20.0,255,-2.206699848175049
49.05432987213135,21.904122829437256,20.0,255,-1.9041228294372559
49.10855555534363,22.202610969543457,20.0,255,-2.202610969543457
49.16281843185425,23.335230350494385,20.0,255,-3.3352303504943848
49.21707224845886,22.52563238143921,20.0,255,-2.525632381439209
49.27126502990723,21.564745903015137,20.0,0,-1.5647459030151367
49.32548236846924,21.66287899017334,20.0,255,-1.6628789901733398
49.379642724990845,21.536123752593994,20.0,255,-1.5361237525939941
49.43377685546875,21.241724491119385,20.0,255,-1.2417244911193848
49.48799180984497,21.55247926712036,20.0,255,-1.5524792671203613
49.54222393035889,21.57292366027832,20.0,255,-1.5729236602783203
49.596394062042236,21.577012538909912,20.0,255,-1.577012538909912
49.65061402320862,21.56883478164673,20.0,255,-1.5688347816467285
49.70484685897827,22.815942764282227,20.0,255,-2.8159427642822266
49.75911259651184,22.811853885650635,20.0,255,-2.8118538856506348
49.81329870223999,21.54839038848877,20.0,0,-1.5483903884887695
49.86752772331238,21.56883478164673,20.0,255,-1.5688347816467285
49.92177629470825,22.80367612838745,20.0,255,-2.803676128387451
49.97597360610962,21.89185619354248,20.0,34,-1.8918561935424805
50.03025698661804,21.56883478164673,20.0,255,-1.5688347816467285
50.084487438201904,21.27852439880371,20.0,255,-1.278524398803711
50.13867712020874,21.57292366027832,20.0,255,-1.5729236602783203
50.19290852546692,22.558343410491943,20.0,255,-2.5583434104919434
50.247164726257324,22.52563238143921,20.0,255,-2.525632381439209
50.30156111717224,22.558343410491943,20.0,255,-2.5583434104919434
50.355857610702515,23.39247465133667,20.0,255,-3.39247465133667
50.41003918647766,21.577012538909912,20.0,0,-1.577012538909912
50.46420407295227,21.585190296173096,20.0,255,-1.5851902961730957
50.518420696258545,21.262168884277344,20.0,255,-1.2621688842773438
50.57269525527954,22.537899017333984,20.0,255,-2.5378990173339844
50.62689018249512,21.54839038848877,20.0,0,-1.5483903884887695
50.68100166320801,21.266257762908936,20.0,255,-1.2662577629089355
50.73515963554382,21.225368976593018,20.0,255,-1.2253689765930176
50.78954339027405,22.546076774597168,20.0,255,-2.546076774597168
50.843756675720215,22.513365745544434,20.0,255,-2.5133657455444336
50.897913694381714,21.24990224838257,20.0,0,-1.2499022483825684
50.952072858810425,21.27443552017212,20.0,255,-1.2744355201721191
51.00638747215271,22.50518798828125,20.0,255,-2.50518798828125
51.06064438819885,21.88776731491089,20.0,255,-1.8877673149108887
51.114858627319336,21.875500679016113,20.0,255,-1.8755006790161133
51.16913151741028,22.840476036071777,20.0,255,-2.8404760360717773
51.2234320640564,22.84456491470337,20.0,255,-2.844564914703369
51.27762460708618,21.879589557647705,20.0,0,-1.879589557647705
51.331907987594604,23.106253147125244,20.0,255,-3.106253147125244
51.386107444763184,21.52794599533081,20.0,0,-1.5279459953308105
51.44032311439514,21.920478343963623,20.0,255,-1.920478343963623
51.494648456573486,21.900033950805664,20.0,255,-1.900033950805664
51.5488862991333,21.564745903015137,20.0,255,-1.5647459030151367
51.603116035461426,21.900033950805664,20.0,255,-1.900033950805664
51.6573543548584,22.182166576385498,20.0,255,-2.182166576385498
51.71150302886963,20.926880836486816,20.0,0,-0.9268808364868164
51.76570534706116,22.20669984817505,20.0,255,-2.206699848175049
51.81993842124939,22.223055362701416,20.0,255,-2.223055362701416
51.87408113479614,20.93505859375,20.0,0,-0.93505859375
51.92829751968384,22.247588634490967,20.0,255,-2.247588634490967
51.9825484752655,22.20669984817505,20.0,255,-2.206699848175049
52.03674364089966,21.875500679016113,20.0,255,-1.8755006790161133
52.0909149646759,21.86732292175293,20.0,255,-1.8673229217529297
52.14520525932312,23.12260866165161,20.0,255,-3.1226086616516113
52.199453830718994,22.198522090911865,20.0,175,-2.1985220909118652
52.253644704818726,21.258080005645752,20.0,0,-1.258080005645752
52.3079149723053,22.214877605438232,20.0,255,-2.2148776054382324
52.3621461391449,22.21078872680664,20.0,255,-2.2107887268066406
52.41627907752991,20.939147472381592,20.0,0,-0.9391474723815918
52.47051215171814,22.218966484069824,20.0,255,-2.218966484069824
52.5248122215271,22.227144241333008,20.0,255,-2.227144241333008
52.57909965515137,21.91230058670044,20.0,255,-1.9123005867004395
52.633315086364746,22.198522090911865,20.0,255,-2.1985220909118652
52.68757081031799,22.227144241333008,20.0,255,-2.227144241333008
52.74181866645813,22.227144241333008,20.0,255,-2.227144241333008
52.79607129096985,22.227144241333008,20.0,255,-2.227144241333008
52.85032033920288,22.82412052154541,20.0,255,-2.82412052154541
52.90446758270264,21.262168884277344,20.0,0,-1.2621688842773438
52.95864462852478,21.564745903015137,20.0,255,-1.5647459030151367
53.012927770614624,22.501099109649658,20.0,255,-2.501099109649658
53.0671501159668,21.589279174804688,20.0,0,-1.5892791748046875
53.12140965461731,22.214877605438232,20.0,255,-2.2148776054382324
53.17561960220337,22.2312331199646,20.0,255,-2.2312331199645996
53.229812145233154,22.19034433364868,20.0,255,-2.1903443336486816
53.28399610519409,21.245813369750977,20.0,0,-1.2458133697509766
53.33819890022278,20.902347564697266,20.0,107,-0.9023475646972656
53.39243459701538,22.223055362701416,20.0,255,-2.223055362701416
53.446627378463745,22.19034433364868,20.0,255,-2.1903443336486816
53.50089907646179,21.900033950805664,20.0,255,-1.900033950805664
53.5551655292511,22.218966484069824,20.0,255,-2.218966484069824
53.609434366226196,22.223055362701416,20.0,255,-2.223055362701416
53.663578033447266,20.91052532196045,20.0,0,-0.9105253219604492
53.7177197933197,20.91461420059204,20.0,255,-0.914614200592041
53.77197790145874,22.202610969543457,20.0,255,-2.202610969543457
53.82617735862732,21.88776731491089,20.0,255,-1.8877673149108887
53.880701780319214,20.939147472381592,20.0,0,-0.9391474723815918
53.934929847717285,22.20669984817505,20.0,255,-2.206699848175049
53.989144802093506,22.214877605438232,20.0,255,-2.2148776054382324
54.043365240097046,21.904122829437256,20.0,255,-1.9041228294372559
54.097583293914795,22.214877605438232,20.0,255,-2.2148776054382324
54.151883125305176,23.989450931549072,20.0,255,-3.9894509315490723
54.20606756210327,22.227144241333008,20.0,0,-2.227144241333008
54.26026439666748,21.25399112701416,20.0,0,-1.2539911270141602
54.314507484436035,22.198522090911865,20.0,255,-2.1985220909118652
54.36873269081116,22.227144241333008,20.0,255,-2.227144241333008
54.42292046546936,21.879589557647705,20.0,255,-1.879589557647705
54.47716808319092,22.21078872680664,20.0,255,-2.2107887268066406
54.53147315979004,22.227144241333008,20.0,255,-2.227144241333008
54.585700273513794,22.239410877227783,20.0,255,-2.239410877227783
54.639920234680176,22.182166576385498,20.0,255,-2.182166576385498
54.69408679008484,21.589279174804688,20.0,201,-1.5892791748046875
54.74830746650696,22.227144241333008,20.0,255,-2.227144241333008
54.802528381347656,22.513365745544434,20.0,255,-2.5133657455444336
54.85677218437195,22.55425453186035,20.0,255,-2.5542545318603516
54.91101694107056,22.852742671966553,20.0,255,-2.8527426719665527
54.96518874168396,21.221280097961426,20.0,0,-1.2212800979614258
55.01941418647766,21.56883478164673,20.0,255,-1.5688347816467285
55.07368612289429,22.558343410491943,20.0,255,-2.5583434104919434
55.12785625457764,21.577012538909912,20.0,0,-1.577012538909912
55.18200707435608,21.2335467338562,20.0,255,-1.2335467338562012
55.23609209060669,21.262168884277344,20.0,255,-1.2621688842773438
55.29036569595337,22.173988819122314,20.0,255,-2.1739888191223145
55.344563722610474,21.560657024383545,20.0,166,-1.560657024383545
55.39879035949707,23.00403118133545,20.0,255,-3.004031181335449
55.45299005508423,21.25399112701416,20.0,0,-1.2539911270141602
55.507282972335815,22.541987895965576,20.0,255,-2.541987895965576
55.56165146827698,23.09398651123047,20.0,255,-3.0939865112304688
55.61593961715698,22.223055362701416,20.0,240,-2.223055362701416
55.67017221450806,22.214877605438232,20.0,255,-2.2148776054382324
55.72438049316406,22.214877605438232,20.0,255,-2.2148776054382324
55.77867317199707,22.223055362701416,20.0,255,-2.223055362701416
55.83296751976013,22.517454624176025,20.0,255,-2.5174546241760254
55.88714551925659,21.262168884277344,20.0,0,-1.2621688842773438
55.94138741493225,22.537899017333984,20.0,255,-2.5378990173339844
55.995665311813354,23.110342025756836,20.0,255,-3.110342025756836
56.049882650375366,21.560657024383545,20.0,0,-1.560657024383545
56.10411095619202,22.218966484069824,20.0,255,-2.218966484069824
56.15830135345459,22.18625545501709,20.0,255,-2.18625545501709
56.21252155303955,22.513365745544434,20.0,255,-2.5133657455444336
56.26674485206604,22.239410877227783,20.0,255,-2.239410877227783
56.32096600532532,21.237635612487793,20.0,0,-1.237635612487793
56.37517499923706,22.52563238143921,20.0,255,-2.525632381439209
56.4293167591095,20.943236351013184,20.0,0,-0.9432363510131836
56.48360776901245,22.21078872680664,20.0,255,-2.2107887268066406
56.5378692150116,21.91230058670044,20.0,255,-1.9123005867004395
56.5921368598938,22.23532199859619,20.0,255,-2.2353219985961914
56.646352767944336,22.202610969543457,20.0,255,-2.202610969543457
56.700607776641846,23.114430904388428,20.0,255,-3.1144309043884277
56.754775047302246,22.70963191986084,20.0,255,-2.70963191986084
56.80897617340088,22.558343410491943,20.0,255,-2.5583434104919434
56.86320471763611,22.537899017333984,20.0,255,-2.5378990173339844
56.91738557815552,21.258080005645752,20.0,0,-1.258080005645752
56.97155499458313,21.540212631225586,20.0,255,-1.540212631225586
57.025837421417236,22.52563238143921,20.0,255,-2.525632381439209
57.080063581466675,21.24990224838257,20.0,0,-1.2499022483825684
57.13424015045166,21.25399112701416,20.0,255,-1.2539911270141602
57.18850255012512,23.130786418914795,20.0,255,-3.130786418914795
57.24274277687073,22.227144241333008,20.0,209,-2.227144241333008
57.296902894973755,20.77559232711792,20.0,0,-0.7755923271179199
57.35110282897949,22.23532199859619,20.0,255,-2.2353219985961914
57.40542268753052,22.214877605438232,20.0,255,-2.2148776054382324
57.459678649902344,21.91230058670044,20.0,255,-1.9123005867004395
57.513871908187866,20.91052532196045,20.0,0,-0.9105253219604492
57.568137407302856,22.21078872680664,20.0,255,-2.2107887268066406
57.622339725494385,21.875500679016113,20.0,255,-1.8755006790161133
57.676533699035645,21.920478343963623,20.0,255,-1.920478343963623
57.73073649406433,22.243499755859375,20.0,255,-2.243499755859375
57.78502154350281,22.202610969543457,20.0,255,-2.202610969543457
57.8391695022583,20.947325229644775,20.0,0,-0.9473252296447754
57.89342141151428,22.521543502807617,20.0,255,-2.521543502807617
57.947622537612915,22.20669984817505,20.0,255,-2.206699848175049
58.00181293487549,22.198522090911865,20.0,255,-2.1985220909118652
58.05597734451294,21.270346641540527,20.0,0,-1.2703466415405273
58.1102294921875,22.537899017333984,20.0,255,-2.5378990173339844
58.16444492340088,22.243499755859375,20.0,255,-2.243499755859375
58.21864342689514,22.21078872680664,20.0,255,-2.2107887268066406
58.27284622192383,21.560657024383545,20.0,130,-1.560657024383545
58.32708406448364,22.182166576385498,20.0,255,-2.182166576385498
58.38125467300415,21.241724491119385,20.0,0,-1.2417244911193848
58.43550443649292,22.218966484069824,20.0,255,-2.218966484069824
58.48980760574341,23.106253147125244,20.0,255,-3.106253147125244
58.54405426979065,21.859145164489746,20.0,0,-1.859145164489746
58.59828448295593,22.21078872680664,20.0,255,-2.2107887268066406
58.65244650840759,21.875500679016113,20.0,255,-1.8755006790161133
58.70661735534668,21.88776731491089,20.0,255,-1.8877673149108887
58.760915994644165,23.11851978302002,20.0,255,-3.1185197830200195
58.81513333320618,21.89185619354248,20.0,0,-1.8918561935424805
58.86927127838135,20.951414108276367,20.0,0,-0.9514141082763672
58.92366051673889,21.88776731491089,20.0,255,-1.8877673149108887
58.97798275947571,23.09807538986206,20.0,255,-3.0980753898620605
59.03221106529236,21.544301509857178,20.0,0,-1.5443015098571777
59.08640384674072,21.908211708068848,20.0,255,-1.9082117080688477
59.140602350234985,21.895945072174072,20.0,255,-1.8959450721740723
59.194759130477905,21.56883478164673,20.0,255,-1.5688347816467285
59.248899698257446,21.895945072174072,20.0,255,-1.8959450721740723
59.303128480911255,22.21078872680664,20.0,255,-2.2107887268066406
59.357285499572754,20.918703079223633,20.0,0,-0.9187030792236328
59.41154623031616,22.182166576385498,20.0,255,-2.182166576385498
59.46574640274048,22.198522090911865,20.0,255,-2.1985220909118652
59.52000308036804,20.926880836486816,20.0,0,-0.9268808364868164
59.57436513900757,22.227144241333008,20.0,255,-2.227144241333008
59.62862968444824,22.218966484069824,20.0,255,-2.218966484069824
59.68283677101135,21.900033950805664,20.0,255,-1.900033950805664
59.737066984176636,22.194433212280273,20.0,255,-2.1944332122802734
59.791316509246826,22.2312331199646,20.0,255,-2.2312331199645996
59.84547781944275,21.245813369750977,20.0,0,-1.2458133697509766
59.899683237075806,22.533810138702393,20.0,255,-2.5338101387023926
59.9539008140564,22.214877605438232,20.0,255,-2.2148776054382324
60.00800323486328,20.906436443328857,20.0,0,-0.9064364433288574
60.06223225593567,22.23532199859619,20.0,255,-2.2353219985961914
60.11643314361572,22.223055362701416,20.0,255,-2.223055362701416
60.170621395111084,21.86732292175293,20.0,255,-1.8673229217529297
60.22482657432556,22.239410877227783,20.0,255,-2.239410877227783
60.27911877632141,22.178077697753906,20.0,255,-2.1780776977539062
60.33342885971069,21.258080005645752,20.0,0,-1.258080005645752
60.38759922981262,21.221280097961426,20.0,255,-1.2212800979614258
60.44178056716919,22.21078872680664,20.0,255,-2.2107887268066406
60.49607253074646,22.533810138702393,20.0,255,-2.5338101387023926
60.55071783065796,22.198522090911865,20.0,255,-2.1985220909118652
60.60496425628662,21.225368976593018,20.0,0,-1.2253689765930176
60.65921902656555,22.5297212600708,20.0,255,-2.529721260070801
60.713465452194214,22.214877605438232,20.0,255,-2.2148776054382324
60.767658948898315,21.27443552017212,20.0,0,-1.2744355201721191
60.82188272476196,22.55425453186035,20.0,255,-2.5542545318603516
60.87607550621033,21.879589557647705,20.0,255,-1.879589557647705
60.93024182319641,21.900033950805664,20.0,255,-1.900033950805664
60.98446989059448,22.194433212280273,20.0,255,-2.1944332122802734
61.03872275352478,22.247588634490967,20.0,255,-2.247588634490967
61.09287881851196,21.286702156066895,20.0,0,-1.2867021560668945
61.14702749252319,21.609723567962646,20.0,255,-1.6097235679626465
61.20129203796387,22.202610969543457,20.0,255,-2.202610969543457
61.25552248954773,21.245813369750977,20.0,0,-1.2458133697509766
61.30977654457092,22.52563238143921,20.0,255,-2.525632381439209
61.364009618759155,23.114430904388428,20.0,255,-3.1144309043884277
61.41811418533325,20.894169807434082,20.0,0,-0.894169807434082
61.47235918045044,23.085808753967285,20.0,255,-3.085808753967285
61.526655197143555,22.198522090911865,20.0,211,-2.1985220909118652
61.58092260360718,21.859145164489746,20.0,255,-1.859145164489746
61.635165214538574,22.23532199859619,20.0,255,-2.2353219985961914
61.6894326210022,22.227144241333008,20.0,255,-2.227144241333008
61.74369788169861,22.20669984817505,20.0,255,-2.206699848175049
61.79791283607483,22.227144241333008,20.0,255,-2.227144241333008
61.85214614868164,22.558343410491943,20.0,255,-2.5583434104919434
61.90638589859009,22.55425453186035,20.0,255,-2.5542545318603516
61.960612773895264,22.501099109649658,20.0,255,-2.501099109649658
62.01496982574463,22.828209400177002,20.0,255,-2.828209400177002
62.069236516952515,21.564745903015137,20.0,0,-1.5647459030151367
62.12346649169922,21.601545810699463,20.0,255,-1.601545810699463
62.17764759063721,21.564745903015137,20.0,255,-1.5647459030151367
62.23196315765381,23.421096801757812,20.0,255,-3.4210968017578125
62.286192417144775,21.556568145751953,20.0,0,-1.5565681457519531
62.34036374092102,21.258080005645752,20.0,255,-1.258080005645752
62.39450263977051,21.262168884277344,20.0,255,-1.2621688842773438
62.44867777824402,21.59336805343628,20.0,255,-1.5933680534362793
62.50292253494263,21.258080005645752,20.0,255,-1.258080005645752
62.55722689628601,22.546076774597168,20.0,255,-2.546076774597168
62.611486196517944,21.564745903015137,20.0,0,-1.5647459030151367
62.66572952270508,22.832298278808594,20.0,255,-2.8322982788085938
62.71987748146057,21.266257762908936,20.0,0,-1.2662577629089355
62.77415132522583,22.223055362701416,20.0,255,-2.223055362701416
62.82841730117798,22.513365745544434,20.0,255,-2.5133657455444336
62.88262486457825,22.214877605438232,20.0,255,-2.2148776054382324
62.93674826622009,21.2335467338562,20.0,0,-1.2335467338562012
62.99100470542908,22.218966484069824,20.0,255,-2.218966484069824
63.04528307914734,22.20669984817505,20.0,255,-2.206699848175049
63.09943437576294,20.91052532196045,20.0,0,-0.9105253219604492
63.15361285209656,22.247588634490967,20.0,255,-2.247588634490967
63.207801818847656,21.875500679016113,20.0,255,-1.8755006790161133
63.262022495269775,21.87141180038452,20.0,255,-1.8714118003845215
63.31625699996948,22.2312331199646,20.0,255,-2.2312331199645996
63.37052798271179,23.126697540283203,20.0,255,-3.126697540283203
63.42472720146179,22.18625545501709,20.0,152,-2.18625545501709
63.478938579559326,22.218966484069824,20.0,255,-2.218966484069824
63.53325366973877,22.537899017333984,20.0,255,-2.5378990173339844
63.58753561973572,23.130786418914795,20.0,255,-3.130786418914795
63.64167094230652,21.225368976593018,20.0,0,-1.2253689765930176
63.69588923454285,22.18625545501709,20.0,255,-2.18625545501709
63.750056982040405,22.23532199859619,20.0,255,-2.2353219985961914
63.804221630096436,21.56883478164673,20.0,117,-1.5688347816467285
63.85847544670105,22.815942764282227,20.0,255,-2.8159427642822266
63.91275072097778,22.852742671966553,20.0,255,-2.8527426719665527
63.966946840286255,22.218966484069824,20.0,255,-2.218966484069824
64.02122664451599,22.239410877227783,20.0,255,-2.239410877227783
64.07546663284302,22.18625545501709,20.0,255,-2.18625545501709
64.1297197341919,22.840476036071777,20.0,255,-2.8404760360717773
64.18395495414734,22.546076774597168,20.0,255,-2.546076774597168
64.2381956577301,22.815942764282227,20.0,255,-2.8159427642822266
64.29244208335876,22.852742671966553,20.0,255,-2.8527426719665527
64.34666419029236,22.811853885650635,20.0,255,-2.8118538856506348
64.40088105201721,22.509276866912842,20.0,255,-2.509276866912842
64.45512175559998,22.815942764282227,20.0,255,-2.8159427642822266
64.50958156585693,23.703229427337646,20.0,255,-3.7032294273376465
64.56395411491394,22.828209400177002,20.0,255,-2.828209400177002
64.61834716796875,24.287939071655273,20.0,255,-4.287939071655273
